,Lam1,Lam2,Lam3,Lam4,Lam5,Lam6,Lam7,Lam8,Lam9,Lam10,Lam11,MS2,Mn2,vX,Yc,muC,g1p,epsilon,ZL11,ZL12,ZL21,ZL22,ZR11,ZR12,ZR21,ZR22,ZN11,ZN12,ZN21,ZN22,mXi_1,mXi_2,mns_1,mns_2,YnL11,YnL12,YnL13,YnL21,YnL22,YnL23,YnR11,YnR12,YnR13,YnR21,YnR22,YnR23,Omega1,Omega2,SIN1,SIN2,sv,MZp,mh1,mh2,theta,thetaf,T,S,U,g2mu,mChi,TWpSPheno,MZpSPheno,Omega3,Xf,Chan1,Chan2,Chan3
0,0.2581463796499439,0.0,0.0,0.0,1.9113062318650635,0.0002946128640308751,0.0,0.0,0.0,0.0,0.0,10000000000.0,100000000.0,400.0,0.85,1.1e-09,0.0041024149520678,0.0,1.0,0.0,0.0,1.0,1.0,0.0,0.0,1.0,1.0,-1.36789205e-17,0.0,1.0,1000.0,2000.0,10000.0,100000.0,0.0,0.0214030529289148,0.2917844694669247,0.0,0.0818279574155773,0.000660557357524,-13108.620500062676,-61056.88541670991,-57537.35355558623,-13400.915723527807,-4761.257158886949,24546.50447029385,0.0232,9.36e-14,0.0,0.0,7.08e-30,14.768693827444324,125.1,553.0,0.0001,0.0,-451.178406,0.232065047,-0.399344319,2.18018563e-08,240.41630560342614,1.57079633,92.6045948,3.26,23.7,  100% ~chi ~Chi ->Z Z ,0,0
1,0.2581463796499439,0.0,0.0,0.0,1.9113062318650635,0.0002946128640308751,0.0,0.0,0.0,0.0,0.0,10000000000.0,100000000.0,400.0,0.85,1.1e-09,0.0064492441227031,0.0,1.0,0.0,0.0,1.0,1.0,0.0,0.0,1.0,1.0,-1.36789205e-17,0.0,1.0,1000.0,2000.0,10000.0,100000.0,0.0,0.0053837053894261,0.0736769497871148,0.0,0.0161234839689446,0.0072354704372178,-37074.19317673505,-253490.371625988,-242705.10469624467,-70877.81393428383,-18209.17127952326,130281.99040818246,0.0233,3.48e-16,0.0,0.0,1.7200000000000001e-29,23.21727884173133,125.1,553.0,0.0001,0.0,-1110.72216,0.288875935,-0.37893211,2.1801857e-08,240.41630560342614,1.57079633,92.6045948,0.83,25.6,  100% ~chi ~Chi ->Z Z ,0,0
2,0.2581463796499439,0.0,0.0,0.0,1.9113062318650635,0.0002946128640308751,0.0,0.0,0.0,0.0,0.0,10000000000.0,100000000.0,400.0,0.85,1.1e-09,0.0082837189001997,0.0,1.0,0.0,0.0,1.0,1.0,0.0,0.0,1.0,1.0,-1.36789205e-17,0.0,1.0,1000.0,2000.0,10000.0,100000.0,0.0,0.500012889877456,0.0026756062846255,0.0,0.1080573451795159,0.0819715667311248,4832.934770506832,43100.12872704861,49862.51929003909,-23376.91682425341,-109560.9699057592,-101937.6789500352,0.0234,2.51e-13,0.0,0.0,2.93e-29,29.821388040719235,125.1,553.0,0.0001,0.0,-1830.57527,0.337775885,-0.361058039,2.18018268e-08,240.41630560342614,1.57079633,92.6045948,0.398,25.9,  100% ~chi ~Chi ->Z Z ,0,0
3,0.2581463796499439,0.0,0.0,0.0,1.9113062318650635,0.0002946128640308751,0.0,0.0,0.0,0.0,0.0,10000000000.0,100000000.0,400.0,0.85,1.1e-09,0.0218155791668759,0.0,1.0,0.0,0.0,1.0,1.0,0.0,0.0,1.0,1.0,-1.36789205e-17,0.0,1.0,1000.0,2000.0,10000.0,100000.0,0.0,0.0070651270557671,0.3799104527938634,0.0,0.0013992542692694,0.0002109649486254,-9205.430900284817,-46279.00095811759,-47868.48948604398,-858351.3499009454,-711275.199431893,1149645.0780203058,0.0253,2.35e-13,0.0,0.0,3.41e-28,78.53608500075333,125.1,553.0,0.0001,0.0,-12678.8814,0.703473578,-0.310139071,2.18018571e-08,240.41630560342614,1.57079633,92.6045948,0.0386,28.1,  100% ~chi ~Chi ->Z Z ,0,0
4,0.2581463796499439,0.0,0.0,0.0,1.9113062318650635,0.0002946128640308751,0.0,0.0,0.0,0.0,0.0,10000000000.0,100000000.0,400.0,0.85,1.1e-09,0.005414783832828,0.0,1.0,0.0,0.0,1.0,1.0,0.0,0.0,1.0,1.0,-1.36789205e-17,0.0,1.0,1000.0,2000.0,10000.0,100000.0,0.0,0.0025409233194761,0.0024559276675179,0.0,0.0057740655871364,0.0113366435025629,-611389.0357075916,6102040.493782583,8703307.71932139,-101491.1670931218,-1513160.0704684511,-1655088.389295642,0.0232,5.300000000000001e-22,0.0,0.0,1.2100000000000001e-29,19.493221798181093,125.1,553.0,0.0001,0.0,-783.842866,0.262742793,-0.388406438,2.18018571e-08,240.41630560342614,1.57079633,92.6045948,1.4,24.4,  100% ~chi ~Chi ->Z Z ,0,0
5,0.2581463796499439,0.0,0.0,0.0,1.9113062318650635,0.0002946128640308751,0.0,0.0,0.0,0.0,0.0,10000000000.0,100000000.0,400.0,0.85,1.1e-09,0.0065266318829387,0.0,1.0,0.0,0.0,1.0,1.0,0.0,0.0,1.0,1.0,-1.36789205e-17,0.0,1.0,1000.0,2000.0,10000.0,100000.0,0.0,0.0002727689676652,0.0068682750981602,0.0,0.0001367993951184,0.0161302493941679,-10621699.014133371,-9286483.579396475,14146868.147566322,2142807.1877092267,1404895.8468270777,-3531015.5204940527,0.0233,4.3399999999999996e-23,0.0,0.0,1.7600000000000001e-29,23.49587477857947,125.1,553.0,0.0001,0.0,-1137.46774,0.290882686,-0.3782006,2.18018571e-08,240.41630560342614,1.57079633,92.6045948,0.801,25.7,  100% ~chi ~Chi ->Z Z ,0,0
6,0.2581463796499439,0.0,0.0,0.0,1.9113062318650635,0.0002946128640308751,0.0,0.0,0.0,0.0,0.0,10000000000.0,100000000.0,400.0,0.85,1.1e-09,0.0105173067173204,0.0,1.0,0.0,0.0,1.0,1.0,0.0,0.0,1.0,1.0,-1.36789205e-17,0.0,1.0,1000.0,2000.0,10000.0,100000.0,0.0,0.0002504922437324,0.9609114670042742,0.0,0.0035478809747695,0.0029925716014664,-2040.874673827008,-17070.821240933703,-20443.399812784744,-321707.4423966673,-314837.7123343208,408909.2320787396,0.0236,8.7e-12,0.0,0.0,5.03e-29,37.8623041823536,125.1,553.0,0.0001,0.0,-2949.05494,0.399271699,-0.339035052,2.18018571e-08,240.41630560342614,1.57079633,92.6045948,0.206,26.4,  100% ~chi ~Chi ->Z Z ,0,0
7,0.2581463796499439,0.0,0.0,0.0,1.9113062318650635,0.0002946128640308751,0.0,0.0,0.0,0.0,0.0,10000000000.0,100000000.0,400.0,0.85,1.1e-09,0.0082125684642301,0.0,1.0,0.0,0.0,1.0,1.0,0.0,0.0,1.0,1.0,-1.36789205e-17,0.0,1.0,1000.0,2000.0,10000.0,100000.0,0.0,0.0001250000962371,0.0007034595013423,0.0,0.0001681629322139,0.0001044988799312,-3960859.760841836,-25222618.05319522,-31955714.726851363,-5434892.4724298725,2129548.7641148875,20225077.798041504,0.0234,2.58e-24,0.0,0.0,2.88e-29,29.56524647122848,125.1,553.0,0.0001,0.0,-1799.31379,0.335839353,-0.361764853,2.18018571e-08,240.41630560342614,1.57079633,92.6045948,0.408,25.8,  100% ~chi ~Chi ->Z Z ,0,0
8,0.2581463796499439,0.0,0.0,0.0,1.9113062318650635,0.0002946128640308751,0.0,0.0,0.0,0.0,0.0,10000000000.0,100000000.0,400.0,0.85,1.1e-09,0.0047835201368677,0.0,1.0,0.0,0.0,1.0,1.0,0.0,0.0,1.0,1.0,-1.36789205e-17,0.0,1.0,1000.0,2000.0,10000.0,100000.0,0.0,0.1505120067909991,0.000637072197179,0.0,0.2042931498068359,0.001325717846035,11335161.124279529,56841244.49656371,46668250.67695247,-4180808.4318873785,-20941604.91362507,-17182352.47833257,0.0232,2.46e-25,0.0,0.0,9.46e-30,17.220672492723953,125.1,553.0,0.0001,0.0,-612.375953,0.247574365,-0.393845215,2.18018498e-08,240.41630560342614,1.57079633,92.6045948,2.04,24.0,  100% ~chi ~Chi ->Z Z ,0,0
9,0.2581463796499439,0.0,0.0,0.0,1.9113062318650635,0.0002946128640308751,0.0,0.0,0.0,0.0,0.0,10000000000.0,100000000.0,400.0,0.85,1.1e-09,0.0036034849378487,0.0,1.0,0.0,0.0,1.0,1.0,0.0,0.0,1.0,1.0,-1.36789205e-17,0.0,1.0,1000.0,2000.0,10000.0,100000.0,0.0,0.0036484268064003,0.0001599001088479,0.0,0.0031120752489579,0.0101388851727956,-357980.1354146528,795360.6042420703,2288290.6355642853,-172235.70100489966,-842049.4069592017,-917655.716974871,0.0232,1.72e-19,0.0,0.0,5.6000000000000005e-30,12.972545776255668,125.1,553.0,0.0001,0.0,-348.777423,0.221386892,-0.403086788,2.18018571e-08,240.41630560342614,1.57079633,92.6045948,4.83,23.3,  100% ~chi ~Chi ->Z Z ,0,0
10,0.2581463796499439,0.0,0.0,0.0,1.9113062318650635,0.0002946128640308751,0.0,0.0,0.0,0.0,0.0,10000000000.0,100000000.0,400.0,0.85,1.1e-09,0.0099797335284438,0.0,1.0,0.0,0.0,1.0,1.0,0.0,0.0,1.0,1.0,-1.36789205e-17,0.0,1.0,1000.0,2000.0,10000.0,100000.0,0.0,0.8577529136713462,0.471911754244602,0.0,0.5712394265195664,0.0022247337837096,-8284.12835992999,-39488.2238255681,-36706.14808691744,3977.676869522146,27756.58697317283,30096.10589085406,0.0235,5.3e-13,0.0,0.0,4.4600000000000004e-29,35.927040702397825,125.1,553.0,0.0001,0.0,-2655.57777,0.384403771,-0.344249636,2.18017359e-08,240.41630560342614,1.57079633,92.6045948,0.237,26.2,  100% ~chi ~Chi ->Z Z ,0,0
11,0.2581463796499439,0.0,0.0,0.0,1.9113062318650635,0.0002946128640308751,0.0,0.0,0.0,0.0,0.0,10000000000.0,100000000.0,400.0,0.85,1.1e-09,0.0221501499066011,0.0,1.0,0.0,0.0,1.0,1.0,0.0,0.0,1.0,1.0,-1.36789205e-17,0.0,1.0,1000.0,2000.0,10000.0,100000.0,0.0,0.0106638263269392,0.0005913893345364,0.0,0.0001369103441468,0.003472354083047,-206122.29570041923,-131359.92249060178,339993.53691996745,-494760.3773483252,-2690558.7814553254,-2371004.4247169583,0.0253,1.8e-16,0.0,0.0,3.56e-28,79.74053966376401,125.1,553.0,0.0001,0.0,-13070.6736,0.712785264,-0.313274849,2.1801857e-08,240.41630560342614,1.57079633,92.6045948,0.0372,28.1,  100% ~chi ~Chi ->Z Z ,0,0
12,0.2581463796499439,0.0,0.0,0.0,1.9113062318650635,0.0002946128640308751,0.0,0.0,0.0,0.0,0.0,10000000000.0,100000000.0,400.0,0.85,1.1e-09,0.0069318240025606,0.0,1.0,0.0,0.0,1.0,1.0,0.0,0.0,1.0,1.0,-1.36789205e-17,0.0,1.0,1000.0,2000.0,10000.0,100000.0,0.0,0.9922159847092912,0.0011894643843958,0.0,0.1584720836237915,0.0007441900198379,1138141.6801897828,5005524.018485934,5281024.888384434,-3570975.5728380373,-15675573.218742674,-16522661.805441938,0.0233,2.23e-21,0.0,0.0,2.0000000000000002e-29,24.954566409218195,125.1,553.0,0.0001,0.0,-1282.71163,0.301486324,-0.374329124,2.18017404e-08,240.41630560342614,1.57079633,92.6045948,0.67,25.4,  100% ~chi ~Chi ->Z Z ,0,0
13,0.2581463796499439,0.0,0.0,0.0,1.9113062318650635,0.0002946128640308751,0.0,0.0,0.0,0.0,0.0,10000000000.0,100000000.0,400.0,0.85,1.1e-09,0.0053534832649667,0.0,1.0,0.0,0.0,1.0,1.0,0.0,0.0,1.0,1.0,-1.36789205e-17,0.0,1.0,1000.0,2000.0,10000.0,100000.0,0.0,0.3969722521528508,0.0407510288740766,0.0,0.014869339337778,0.0003951807861007,-116287.67834683091,-624415.0233029267,-537074.4173586273,1466112.3592951,8268673.906166592,7264516.391112321,0.0232,1.19e-17,0.0,0.0,1.1800000000000001e-29,19.272539753880427,125.1,553.0,0.0001,0.0,-766.261412,0.261240648,-0.388947359,2.18018388e-08,240.41630560342614,1.57079633,92.6045948,1.45,24.3,  100% ~chi ~Chi ->Z Z ,0,0
14,0.2581463796499439,0.0,0.0,0.0,1.9113062318650635,0.0002946128640308751,0.0,0.0,0.0,0.0,0.0,10000000000.0,100000000.0,400.0,0.85,1.1e-09,0.0142558871514971,0.0,1.0,0.0,0.0,1.0,1.0,0.0,0.0,1.0,1.0,-1.36789205e-17,0.0,1.0,1000.0,2000.0,10000.0,100000.0,0.0,0.0070956769245819,0.000129832515026,0.0,0.0134343147617199,0.0001613789148166,-84461024.00450744,-426435817.0580465,-364527359.5012444,22212075.342539944,112526040.49017005,96372773.02204236,0.024,8.06e-29,0.0,0.0,1.06e-28,51.32119374538972,125.1,553.0,0.0001,0.0,-5415.8518,0.501665038,-0.307783894,2.1801857e-08,240.41630560342614,1.57079633,92.6045948,0.099,27.2,  100% ~chi ~Chi ->Z Z ,0,0
15,0.2581463796499439,0.0,0.0,0.0,1.9113062318650635,0.0002946128640308751,0.0,0.0,0.0,0.0,0.0,10000000000.0,100000000.0,400.0,0.85,1.1e-09,0.0090135572785054,0.0,1.0,0.0,0.0,1.0,1.0,0.0,0.0,1.0,1.0,-1.36789205e-17,0.0,1.0,1000.0,2000.0,10000.0,100000.0,0.0,0.0027314847287773,0.0012490513287852,0.0,0.0065144393450216,0.0116033122292788,-69019.22097187968,3795190.2473207526,6087230.187020426,-159818.75912639112,-967428.9489857138,-1057245.6356672924,0.0235,2.4700000000000002e-21,0.0,0.0,3.53e-29,32.44880620261957,125.1,553.0,0.0001,0.0,-2166.81315,0.357753273,-0.353795966,2.18018571e-08,240.41630560342614,1.57079633,92.6045948,0.314,26.0,  100% ~chi ~Chi ->Z Z ,0,0
16,0.2581463796499439,0.0,0.0,0.0,1.9113062318650635,0.0002946128640308751,0.0,0.0,0.0,0.0,0.0,10000000000.0,100000000.0,400.0,0.85,1.1e-09,0.0142523982753688,0.0,1.0,0.0,0.0,1.0,1.0,0.0,0.0,1.0,1.0,-1.36789205e-17,0.0,1.0,1000.0,2000.0,10000.0,100000.0,0.0,0.0007432927041359,0.0088766518457038,0.0,0.0007195563163286,0.0002197658025893,-340413.1812638766,-2086887.1967948845,-1959703.4566253975,-1659181.1328976585,-295657.5028873129,3035820.9720057864,0.024,8.98e-20,0.0,0.0,1.06e-28,51.30863379132793,125.1,553.0,0.0001,0.0,-5413.20182,0.501570924,-0.30780684,2.18018571e-08,240.41630560342614,1.57079633,92.6045948,0.099,27.2,  100% ~chi ~Chi ->Z Z ,0,0
17,0.2581463796499439,0.0,0.0,0.0,1.9113062318650635,0.0002946128640308751,0.0,0.0,0.0,0.0,0.0,10000000000.0,100000000.0,400.0,0.85,1.1e-09,0.0193849734237941,0.0,1.0,0.0,0.0,1.0,1.0,0.0,0.0,1.0,1.0,-1.36789205e-17,0.0,1.0,1000.0,2000.0,10000.0,100000.0,0.0,0.0539179570437564,0.0039231593924978,0.0,0.1480328140727945,0.658253518165191,-28036.20154467212,42817.06392656253,122519.94430165854,-2837.40324815502,-14493.515734853456,-12336.540180051055,0.0248,1.62e-14,0.0,0.0,2.43e-28,69.78590432565888,125.1,553.0,0.0001,0.0,-10011.587,0.63779982,-0.295830763,2.18018543e-08,240.41630560342614,1.57079633,92.6045948,0.0507,28.6,  100% ~chi ~Chi ->Z Z ,0,0
18,0.2581463796499439,0.0,0.0,0.0,1.9113062318650635,0.0002946128640308751,0.0,0.0,0.0,0.0,0.0,10000000000.0,100000000.0,400.0,0.85,1.1e-09,0.0159323267488776,0.0,1.0,0.0,0.0,1.0,1.0,0.0,0.0,1.0,1.0,-1.36789205e-17,0.0,1.0,1000.0,2000.0,10000.0,100000.0,0.0,0.0002311588225846,0.8326790263137007,0.0,0.0763542707381516,0.0005400337754757,-4184.645342092835,-22450.559916114227,-19268.94153524081,-15276.944868681632,-14353.85050927461,20168.707617583743,0.0242,5.61e-12,0.0,0.0,1.42e-28,57.35637629595935,125.1,553.0,0.0001,0.0,-6763.79668,0.546528486,-0.298711094,2.18018564e-08,240.41630560342614,1.57079633,92.6045948,0.0777,28.1,  100% ~chi ~Chi ->Z Z ,0,0
19,0.2581463796499439,0.0,0.0,0.0,1.9113062318650635,0.0002946128640308751,0.0,0.0,0.0,0.0,0.0,10000000000.0,100000000.0,400.0,0.85,1.1e-09,0.0094554874929083,0.0,1.0,0.0,0.0,1.0,1.0,0.0,0.0,1.0,1.0,-1.36789205e-17,0.0,1.0,1000.0,2000.0,10000.0,100000.0,0.0,0.0237422456017774,0.0003526551288996,0.0,0.0033025181306292,0.0628653690080175,-89202.09135278595,-65338.13969906538,161334.04489118946,-29668.179255340376,-136772.4048825964,-139971.2810500466,0.0235,3.54e-15,0.0,0.0,3.9400000000000003e-29,34.0397549744701,125.1,553.0,0.0001,0.0,-2384.20368,0.369924206,-0.349410435,2.1801857e-08,240.41630560342614,1.57079633,92.6045948,0.275,26.2,  100% ~chi ~Chi ->Z Z ,0,0
20,0.2581463796499439,0.0,0.0,0.0,1.9113062318650635,0.0002946128640308751,0.0,0.0,0.0,0.0,0.0,10000000000.0,100000000.0,400.0,0.85,1.1e-09,0.0133255716159948,0.0,1.0,0.0,0.0,1.0,1.0,0.0,0.0,1.0,1.0,-1.36789205e-17,0.0,1.0,1000.0,2000.0,10000.0,100000.0,0.0,0.0075109889900522,0.0023295215995192,0.0,0.0006916790964389,0.0016915736481716,-125071.08632300136,743152.6339344297,1528547.5556038136,-956585.1388331376,-5757025.814439247,-6220192.950932655,0.0239,7.1e-19,0.0,0.0,8.94e-29,47.97205781758133,125.1,553.0,0.0001,0.0,-4732.42008,0.476465675,-0.314407501,2.18018571e-08,240.41630560342614,1.57079633,92.6045948,0.115,26.9,  100% ~chi ~Chi ->Z Z ,0,0
21,0.2581463796499439,0.0,0.0,0.0,1.9113062318650635,0.0002946128640308751,0.0,0.0,0.0,0.0,0.0,10000000000.0,100000000.0,400.0,0.85,1.1e-09,0.0035600625669931,0.0,1.0,0.0,0.0,1.0,1.0,0.0,0.0,1.0,1.0,-1.36789205e-17,0.0,1.0,1000.0,2000.0,10000.0,100000.0,0.0,0.0158445309313008,0.1808166601467581,0.0,0.0010825819293519,0.0140866892510103,-1171935.3286400477,-381687.619243931,2113291.7296038214,7395399.1523810625,1812248.186289837,-14150269.301453017,0.0232,1.72e-19,0.0,0.0,5.48e-30,12.816225241175353,125.1,553.0,0.0001,0.0,-340.492679,0.22048853,-0.403399825,2.1801857e-08,240.41630560342614,1.57079633,92.6045948,5.02,23.3,  100% ~chi ~Chi ->Z Z ,0,0
22,0.2581463796499439,0.0,0.0,0.0,1.9113062318650635,0.0002946128640308751,0.0,0.0,0.0,0.0,0.0,10000000000.0,100000000.0,400.0,0.85,1.1e-09,0.0050477724257294,0.0,1.0,0.0,0.0,1.0,1.0,0.0,0.0,1.0,1.0,-1.36789205e-17,0.0,1.0,1000.0,2000.0,10000.0,100000.0,0.0,0.0686314306382711,0.0036304574967312,0.0,0.001171302588651,0.6728288744852418,-33874.56151868088,-31410.323473679677,46531.359880191245,-2712.153969781852,-14043.261951314262,-11958.321458821762,0.0232,2.59e-13,0.0,0.0,1.0500000000000001e-29,18.171980732625872,125.1,553.0,0.0001,0.0,-681.570233,0.253840276,-0.391605045,2.18018565e-08,240.41630560342614,1.57079633,92.6045948,1.74,24.2,  100% ~chi ~Chi ->Z Z ,0,0
23,0.2581463796499439,0.0,0.0,0.0,1.9113062318650635,0.0002946128640308751,0.0,0.0,0.0,0.0,0.0,10000000000.0,100000000.0,400.0,0.85,1.1e-09,0.0156416439562839,0.0,1.0,0.0,0.0,1.0,1.0,0.0,0.0,1.0,1.0,-1.36789205e-17,0.0,1.0,1000.0,2000.0,10000.0,100000.0,0.0,0.0029629724438077,0.0024927269577427,0.0,0.0002946534417848,0.0126343021379985,-793228.5070440507,-686007.0941364943,1108408.926275038,-73678.44798999737,-609722.9898965331,-817250.9167084751,0.0242,1.1e-18,0.0,0.0,1.35e-28,56.309918242622366,125.1,553.0,0.0001,0.0,-6519.33742,0.538795136,-0.299983026,2.18018571e-08,240.41630560342614,1.57079633,92.6045948,0.0808,27.9,  100% ~chi ~Chi ->Z Z ,0,0
24,0.2581463796499439,0.0,0.0,0.0,1.9113062318650635,0.0002946128640308751,0.0,0.0,0.0,0.0,0.0,10000000000.0,100000000.0,400.0,0.85,1.1e-09,0.0037100778183151,0.0,1.0,0.0,0.0,1.0,1.0,0.0,0.0,1.0,1.0,-1.36789205e-17,0.0,1.0,1000.0,2000.0,10000.0,100000.0,0.0,0.0031755350465408,0.057670182610752,0.0,0.1002571676590846,0.6714384515145865,391724.7430458021,-162330.62643220136,-992576.3543428,-19713.45103274561,-7234.605808742437,30782.856869346608,0.0232,4.32e-18,0.0,0.0,5.9000000000000005e-30,13.35628014593439,125.1,553.0,0.0001,0.0,-369.540839,0.223614085,-0.402309451,2.18018559e-08,240.41630560342614,1.57079633,92.6045948,4.42,23.4,  100% ~chi ~Chi ->Z Z ,0,0
25,0.2581463796499439,0.0,0.0,0.0,1.9113062318650635,0.0002946128640308751,0.0,0.0,0.0,0.0,0.0,10000000000.0,100000000.0,400.0,0.85,1.1e-09,0.0056270444592471,0.0,1.0,0.0,0.0,1.0,1.0,0.0,0.0,1.0,1.0,-1.36789205e-17,0.0,1.0,1000.0,2000.0,10000.0,100000.0,0.0,0.1204990038610889,0.0008856035781744,0.0,0.0011610196991156,0.9942176335402934,-19348.00120579004,-19025.23679687892,25734.493488944656,-1913.7922101259612,-9189.975353522092,-8375.625685575847,0.0232,2.34e-12,0.0,0.0,1.3e-29,20.257360053289855,125.1,553.0,0.0001,0.0,-846.26672,0.267988162,-0.386514019,2.18018554e-08,240.41630560342614,1.57079633,92.6045948,1.25,24.5,  100% ~chi ~Chi ->Z Z ,0,0
26,0.2581463796499439,0.0,0.0,0.0,1.9113062318650635,0.0002946128640308751,0.0,0.0,0.0,0.0,0.0,10000000000.0,100000000.0,400.0,0.85,1.1e-09,0.0165508732123129,0.0,1.0,0.0,0.0,1.0,1.0,0.0,0.0,1.0,1.0,-1.36789205e-17,0.0,1.0,1000.0,2000.0,10000.0,100000.0,0.0,0.0641945931328569,0.0038078221226757,0.0,0.0057494632413499,0.2436463738175812,-36586.09037114738,-26513.11169185261,53883.62218530523,-7136.70830930742,-38650.45753893547,-33415.1699636618,0.0243,1.97e-13,0.0,0.0,1.57e-28,59.583143564326704,125.1,553.0,0.0001,0.0,-7298.9451,0.562932046,-0.296476609,2.18018566e-08,240.41630560342614,1.57079633,92.6045948,0.0716,28.3,  100% ~chi ~Chi ->Z Z ,0,0
27,0.2581463796499439,0.0,0.0,0.0,1.9113062318650635,0.0002946128640308751,0.0,0.0,0.0,0.0,0.0,10000000000.0,100000000.0,400.0,0.85,1.1e-09,0.0067565818493632,0.0,1.0,0.0,0.0,1.0,1.0,0.0,0.0,1.0,1.0,-1.36789205e-17,0.0,1.0,1000.0,2000.0,10000.0,100000.0,0.0,0.0066255306245107,0.0009544050712405,0.0,0.4021187938665873,0.0008730352030069,-3987754.9352923306,-18367518.42882966,-19304841.92289261,29814.3042241822,148490.14846353122,162328.39494881037,0.0233,1.36e-23,0.0,0.0,1.8900000000000002e-29,24.323694657707524,125.1,553.0,0.0001,0.0,-1218.82163,0.296881247,-0.376011611,2.18018392e-08,240.41630560342614,1.57079633,92.6045948,0.723,25.3,  100% ~chi ~Chi ->Z Z ,0,0
28,0.2581463796499439,0.0,0.0,0.0,1.9113062318650635,0.0002946128640308751,0.0,0.0,0.0,0.0,0.0,10000000000.0,100000000.0,400.0,0.85,1.1e-09,0.0047901389814491,0.0,1.0,0.0,0.0,1.0,1.0,0.0,0.0,1.0,1.0,-1.36789205e-17,0.0,1.0,1000.0,2000.0,10000.0,100000.0,0.0,0.010204666855162,0.881555517144503,0.0,0.4312150276044648,0.0976112811132448,-3511.654720329638,-18839.1039169883,-21880.04613336682,-2763.490541522732,-2665.37020097042,3464.729445577739,0.0232,6.23e-12,0.0,0.0,9.489999999999999e-30,17.244500333216777,125.1,553.0,0.0001,0.0,-614.063717,0.24772974,-0.393789786,2.18018365e-08,240.41630560342614,1.57079633,92.6045948,2.04,24.0,  100% ~chi ~Chi ->Z Z ,0,0
29,0.2581463796499439,0.0,0.0,0.0,1.9113062318650635,0.0002946128640308751,0.0,0.0,0.0,0.0,0.0,10000000000.0,100000000.0,400.0,0.85,1.1e-09,0.0029594128790319,0.0,1.0,0.0,0.0,1.0,1.0,0.0,0.0,1.0,1.0,-1.36789205e-17,0.0,1.0,1000.0,2000.0,10000.0,100000.0,0.0,0.0108441084076032,0.0504609372467743,0.0,0.0013058291758026,0.0031250353339694,110577.15175367806,-444920.9488685811,-992987.396959062,-1446673.761811977,955336.8154787676,5125290.255433905,0.0231,4.1e-18,0.0,0.0,3.99e-30,10.653886364514936,125.1,553.0,0.0001,0.0,-236.194858,0.208634807,-0.407500997,2.1801857e-08,240.41630560342614,1.57079633,92.6045948,8.78,22.6,  100% ~chi ~Chi ->Z Z ,0,0
30,0.2581463796499439,0.0,0.0,0.0,1.9113062318650635,0.0002946128640308751,0.0,0.0,0.0,0.0,0.0,10000000000.0,100000000.0,400.0,0.85,1.1e-09,0.0070988075201048,0.0,1.0,0.0,0.0,1.0,1.0,0.0,0.0,1.0,1.0,-1.36789205e-17,0.0,1.0,1000.0,2000.0,10000.0,100000.0,0.0,0.0266538688122319,0.0008771719230735,0.0,0.0053311202093913,0.3456088073515272,-84872.20397480692,-64418.47994072646,119986.38740350846,-5413.468945236414,-27688.319162476444,-23452.20264378409,0.0233,7.7e-15,0.0,0.0,2.1e-29,25.55570707237732,125.1,553.0,0.0001,0.0,-1345.11297,0.305899413,-0.372715541,2.1801857e-08,240.41630560342614,1.57079633,92.6045948,0.625,25.5,  100% ~chi ~Chi ->Z Z ,0,0
31,0.2581463796499439,0.0,0.0,0.0,1.9113062318650635,0.0002946128640308751,0.0,0.0,0.0,0.0,0.0,10000000000.0,100000000.0,400.0,0.85,1.1e-09,0.0059178923255497,0.0,1.0,0.0,0.0,1.0,1.0,0.0,0.0,1.0,1.0,-1.36789205e-17,0.0,1.0,1000.0,2000.0,10000.0,100000.0,0.0,0.0079776559764052,0.2656176137535752,0.0,0.0072885162930109,0.0085784517814886,-3363.7821007312346,-63980.98922423663,-75092.43321140933,-152906.69456118127,-109508.05304430798,250095.59288865907,0.0233,5.18e-14,0.0,0.0,1.44e-29,21.304412371979204,125.1,553.0,0.0001,0.0,-935.699991,0.275279713,-0.383874929,2.1801857e-08,240.41630560342614,1.57079633,92.6045948,1.07,24.8,  100% ~chi ~Chi ->Z Z ,0,0
32,0.2581463796499439,0.0,0.0,0.0,1.9113062318650635,0.0002946128640308751,0.0,0.0,0.0,0.0,0.0,10000000000.0,100000000.0,400.0,0.85,1.1e-09,0.0159132299268156,0.0,1.0,0.0,0.0,1.0,1.0,0.0,0.0,1.0,1.0,-1.36789205e-17,0.0,1.0,1000.0,2000.0,10000.0,100000.0,0.0,0.0486432426348423,0.0013775529880682,0.0,0.4685867854785772,0.0013978084679869,-3039077.252330764,-14382741.97676642,-14115817.555344349,155254.33395580028,744064.4724048561,735569.033792695,0.0242,4.01e-23,0.0,0.0,1.41e-28,57.2876277365364,125.1,553.0,0.0001,0.0,-6747.59614,0.546020877,-0.298790445,2.18018325e-08,240.41630560342614,1.57079633,92.6045948,0.0779,28.0,  100% ~chi ~Chi ->Z Z ,0,0
33,0.2581463796499439,0.0,0.0,0.0,1.9113062318650635,0.0002946128640308751,0.0,0.0,0.0,0.0,0.0,10000000000.0,100000000.0,400.0,0.85,1.1e-09,0.0192676598972183,0.0,1.0,0.0,0.0,1.0,1.0,0.0,0.0,1.0,1.0,-1.36789205e-17,0.0,1.0,1000.0,2000.0,10000.0,100000.0,0.0,0.0145058269213667,0.218060617597766,0.0,0.0001544923031185,0.0074983362912011,-243348.3003617392,-194541.28140718455,301733.71106908936,3288830.061664597,1696033.20552248,-5608194.011820388,0.0248,1.57e-16,0.0,0.0,2.39e-28,69.363575629986,125.1,553.0,0.0001,0.0,-9890.81533,0.634687664,-0.295508095,2.1801857e-08,240.41630560342614,1.57079633,92.6045948,0.0514,28.6,  100% ~chi ~Chi ->Z Z ,0,0
34,0.2581463796499439,0.0,0.0,0.0,1.9113062318650635,0.0002946128640308751,0.0,0.0,0.0,0.0,0.0,10000000000.0,100000000.0,400.0,0.85,1.1e-09,0.0121235152578641,0.0,1.0,0.0,0.0,1.0,1.0,0.0,0.0,1.0,1.0,-1.36789205e-17,0.0,1.0,1000.0,2000.0,10000.0,100000.0,0.0,0.001901652052647,0.0001075724845982,0.0,0.0001396031188012,0.0034369833269994,-1102074.295427465,-683903.6449584134,1933500.235370968,-512442.6737944053,-2728854.201900438,-2278614.159115507,0.0238,2.1e-19,0.0,0.0,7.07e-29,43.64465492831105,125.1,553.0,0.0001,0.0,-3917.64164,0.443591806,-0.324256546,2.18018571e-08,240.41630560342614,1.57079633,92.6045948,0.144,26.7,  100% ~chi ~Chi ->Z Z ,0,0
35,0.2581463796499439,0.0,0.0,0.0,1.9113062318650635,0.0002946128640308751,0.0,0.0,0.0,0.0,0.0,10000000000.0,100000000.0,400.0,0.85,1.1e-09,0.0058970192209663,0.0,1.0,0.0,0.0,1.0,1.0,0.0,0.0,1.0,1.0,-1.36789205e-17,0.0,1.0,1000.0,2000.0,10000.0,100000.0,0.0,0.9606020217233806,0.0009768543720217,0.0,0.0176844902164142,0.2719179829983641,-2475.9686298587326,-1145.8531681056577,4197.072698374621,-7122.217066955588,-32805.45085528599,-32088.062442296323,0.0233,6.05e-09,0.0,0.0,1.43e-29,21.22926919547888,125.1,553.0,0.0001,0.0,-929.131632,0.274752639,-0.384066001,2.18017503e-08,240.41630560342614,1.57079633,92.6045948,1.09,24.8,  100% ~chi ~Chi ->Z Z ,0,0
36,0.2581463796499439,0.0,0.0,0.0,1.9113062318650635,0.0002946128640308751,0.0,0.0,0.0,0.0,0.0,10000000000.0,100000000.0,400.0,0.85,1.1e-09,0.020071787041697,0.0,1.0,0.0,0.0,1.0,1.0,0.0,0.0,1.0,1.0,-1.36789205e-17,0.0,1.0,1000.0,2000.0,10000.0,100000.0,0.0,0.0032458325645874,0.1479518282547135,0.0,0.0049534363085956,0.1117777749186923,722707.3817432938,427005.40657620615,-1022090.9053478598,-495501.7902275828,-358595.12341679947,595434.5733627487,0.0249,1.93e-18,0.0,0.0,2.68e-28,72.25843335010921,125.1,553.0,0.0001,0.0,-10733.3853,0.656095291,-0.298382654,2.18018571e-08,240.41630560342614,1.57079633,92.6045948,0.0469,28.7,  100% ~chi ~Chi ->Z Z ,0,0
37,0.2581463796499439,0.0,0.0,0.0,1.9113062318650635,0.0002946128640308751,0.0,0.0,0.0,0.0,0.0,10000000000.0,100000000.0,400.0,0.85,1.1e-09,0.0103709511309467,0.0,1.0,0.0,0.0,1.0,1.0,0.0,0.0,1.0,1.0,-1.36789205e-17,0.0,1.0,1000.0,2000.0,10000.0,100000.0,0.0,0.0019303764999197,0.0288724476311456,0.0,0.0178157207535385,0.0031208713378508,-111783.7048669952,-607760.086693617,-612183.3409965715,-60224.99002713514,-28698.831881241545,111565.3708254068,0.0236,1.02e-17,0.0,0.0,4.87e-29,37.33542407140846,125.1,553.0,0.0001,0.0,-2867.62802,0.395223214,-0.340445119,2.1801857e-08,240.41630560342614,1.57079633,92.6045948,0.214,26.3,  100% ~chi ~Chi ->Z Z ,0,0
38,0.2581463796499439,0.0,0.0,0.0,1.9113062318650635,0.0002946128640308751,0.0,0.0,0.0,0.0,0.0,10000000000.0,100000000.0,400.0,0.85,1.1e-09,0.0036890971141986,0.0,1.0,0.0,0.0,1.0,1.0,0.0,0.0,1.0,1.0,-1.36789205e-17,0.0,1.0,1000.0,2000.0,10000.0,100000.0,0.0,0.5319509559649644,0.000660922354274,0.0,0.0218668306086927,0.0526065522109681,-1520.494748959282,9819.607589179312,18963.667214959507,-34485.59179974992,-173076.28635882624,-162024.9372920679,0.0232,2.07e-11,0.0,0.0,5.8399999999999995e-30,13.280749611115288,125.1,553.0,0.0001,0.0,-365.406076,0.223173275,-0.402463444,2.18018243e-08,240.41630560342614,1.57079633,92.6045948,4.5,23.4,  100% ~chi ~Chi ->Z Z ,0,0
39,0.2581463796499439,0.0,0.0,0.0,1.9113062318650635,0.0002946128640308751,0.0,0.0,0.0,0.0,0.0,10000000000.0,100000000.0,400.0,0.85,1.1e-09,0.0122473429818392,0.0,1.0,0.0,0.0,1.0,1.0,0.0,0.0,1.0,1.0,-1.36789205e-17,0.0,1.0,1000.0,2000.0,10000.0,100000.0,0.0,0.3063928484366207,0.3473838941110884,0.0,0.0003744765585489,0.0004898377916667,5782.9023528514845,293775.97600229265,379666.4857605051,-5650941.4518923145,-123124549.5969743,-151218897.84563413,0.0238,1.05e-16,0.0,0.0,7.25e-29,44.09043473462134,125.1,553.0,0.0001,0.0,-3998.01387,0.446992679,-0.3231853,2.18018462e-08,240.41630560342614,1.57079633,92.6045948,0.141,26.7,  100% ~chi ~Chi ->Z Z ,0,0
40,0.2581463796499439,0.0,0.0,0.0,1.9113062318650635,0.0002946128640308751,0.0,0.0,0.0,0.0,0.0,10000000000.0,100000000.0,400.0,0.85,1.1e-09,0.0192211099521256,0.0,1.0,0.0,0.0,1.0,1.0,0.0,0.0,1.0,1.0,-1.36789205e-17,0.0,1.0,1000.0,2000.0,10000.0,100000.0,0.0,0.0018824948425254,0.2596946016485599,0.0,0.0005165922434402,0.0065766623490059,114516.18384188796,31257.135185837527,-234122.9507425952,-2559645.6012756773,-2080211.824840836,3383010.0984925893,0.0248,1.12e-15,0.0,0.0,2.37e-28,69.1959958276522,125.1,553.0,0.0001,0.0,-9843.09487,0.63345356,-0.295389049,2.18018571e-08,240.41630560342614,1.57079633,92.6045948,0.0517,28.6,  100% ~chi ~Chi ->Z Z ,0,0
41,0.2581463796499439,0.0,0.0,0.0,1.9113062318650635,0.0002946128640308751,0.0,0.0,0.0,0.0,0.0,10000000000.0,100000000.0,400.0,0.85,1.1e-09,0.0167245684310163,0.0,1.0,0.0,0.0,1.0,1.0,0.0,0.0,1.0,1.0,-1.36789205e-17,0.0,1.0,1000.0,2000.0,10000.0,100000.0,0.0,0.0678487565677466,0.669937886349112,0.0,0.0042460015515832,0.000922772539025,-4559.626247276355,-27458.93548044836,-25698.150869150057,-229482.87215488643,-37600.76921196756,555490.6867430443,0.0244,2.22e-12,0.0,0.0,1.62e-28,60.20844635165899,125.1,553.0,0.0001,0.0,-7452.89225,0.567527819,-0.295970447,2.18018565e-08,240.41630560342614,1.57079633,92.6045948,0.07,28.4,  100% ~chi ~Chi ->Z Z ,0,0
42,0.2581463796499439,0.0,0.0,0.0,1.9113062318650635,0.0002946128640308751,0.0,0.0,0.0,0.0,0.0,10000000000.0,100000000.0,400.0,0.85,1.1e-09,0.0121762915729449,0.0,1.0,0.0,0.0,1.0,1.0,0.0,0.0,1.0,1.0,-1.36789205e-17,0.0,1.0,1000.0,2000.0,10000.0,100000.0,0.0,0.1113250594721758,0.0058254066255853,0.0,0.0107724908202781,0.414002489140047,-22834.3956248146,-15986.7368435938,28007.47499468829,-4099.749734163826,-20494.192128618008,-21695.24051748871,0.0238,1.88e-12,0.0,0.0,7.15e-29,43.83464966260192,125.1,553.0,0.0001,0.0,-3951.79507,0.445041568,-0.323798573,2.18018556e-08,240.41630560342614,1.57079633,92.6045948,0.143,26.7,  100% ~chi ~Chi ->Z Z ,0,0
43,0.2581463796499439,0.0,0.0,0.0,1.9113062318650635,0.0002946128640308751,0.0,0.0,0.0,0.0,0.0,10000000000.0,100000000.0,400.0,0.85,1.1e-09,0.0058738183409446,0.0,1.0,0.0,0.0,1.0,1.0,0.0,0.0,1.0,1.0,-1.36789205e-17,0.0,1.0,1000.0,2000.0,10000.0,100000.0,0.0,0.0003104347468354,0.0004520265443653,0.0,0.0512514907856681,0.0001277299638242,-7990525.581117768,-41098698.608047605,-35362370.989876054,2458.3595269314687,103517.56203286051,136363.1194451023,0.0233,8.09e-25,0.0,0.0,1.42e-29,21.14574602740086,125.1,553.0,0.0001,0.0,-921.857929,0.274167447,-0.384278089,2.18018568e-08,240.41630560342614,1.57079633,92.6045948,1.1,24.8,  100% ~chi ~Chi ->Z Z ,0,0
44,0.2581463796499439,0.0,0.0,0.0,1.9113062318650635,0.0002946128640308751,0.0,0.0,0.0,0.0,0.0,10000000000.0,100000000.0,400.0,0.85,1.1e-09,0.0078107876113672,0.0,1.0,0.0,0.0,1.0,1.0,0.0,0.0,1.0,1.0,-1.36789205e-17,0.0,1.0,1000.0,2000.0,10000.0,100000.0,0.0,0.0021159762985826,0.0036412826713839,0.0,0.0544263596528965,0.0007065701459841,-1055544.6637317678,-5334702.316030102,-4522540.786762206,-2758.8493716075627,84370.04484535407,116276.23413522085,0.0234,2.61e-21,0.0,0.0,2.58e-29,28.11883540092207,125.1,553.0,0.0001,0.0,-1627.84543,0.324951029,-0.365744425,2.18018567e-08,240.41630560342614,1.57079633,92.6045948,0.472,25.8,  100% ~chi ~Chi ->Z Z ,0,0
45,0.2581463796499439,0.0,0.0,0.0,1.9113062318650635,0.0002946128640308751,0.0,0.0,0.0,0.0,0.0,10000000000.0,100000000.0,400.0,0.85,1.1e-09,0.0184069758471927,0.0,1.0,0.0,0.0,1.0,1.0,0.0,0.0,1.0,1.0,-1.36789205e-17,0.0,1.0,1000.0,2000.0,10000.0,100000.0,0.0,0.0440565829959669,0.0013794184210741,0.0,0.005869380986571,0.0205682887086935,-28866.62509219024,50920.32140490508,180127.85845865347,-87107.55909868023,-402440.59855964535,-442461.9890111525,0.0246,4.01e-15,0.0,0.0,2.1e-28,66.26511304989384,125.1,553.0,0.0001,0.0,-9027.15844,0.611927616,-0.294113735,2.18018568e-08,240.41630560342614,1.57079633,92.6045948,0.0569,28.4,  100% ~chi ~Chi ->Z Z ,0,0
46,0.2581463796499439,0.0,0.0,0.0,1.9113062318650635,0.0002946128640308751,0.0,0.0,0.0,0.0,0.0,10000000000.0,100000000.0,400.0,0.85,1.1e-09,0.0161982114272953,0.0,1.0,0.0,0.0,1.0,1.0,0.0,0.0,1.0,1.0,-1.36789205e-17,0.0,1.0,1000.0,2000.0,10000.0,100000.0,0.0,0.0026902566010903,0.0174540511171628,0.0,0.0550759906669509,0.0059883139642747,-201677.37138160144,-1020781.1311309704,-1000942.887518694,-16554.540025258757,4214.033429111991,51009.4940729388,0.0243,1.37e-18,0.0,0.0,1.48e-28,58.31356113826313,125.1,553.0,0.0001,0.0,-6991.33323,0.553587554,-0.297669853,2.18018567e-08,240.41630560342614,1.57079633,92.6045948,0.075,28.2,  100% ~chi ~Chi ->Z Z ,0,0
47,0.2581463796499439,0.0,0.0,0.0,1.9113062318650635,0.0002946128640308751,0.0,0.0,0.0,0.0,0.0,10000000000.0,100000000.0,400.0,0.85,1.1e-09,0.0031353052411625,0.0,1.0,0.0,0.0,1.0,1.0,0.0,0.0,1.0,1.0,-1.36789205e-17,0.0,1.0,1000.0,2000.0,10000.0,100000.0,0.0,0.0024129138342999,0.8706851911235675,0.0,0.1297885300336345,0.1216335887199153,-1672.9458050160624,-17364.484311541128,-23121.403215485767,-8907.824691947855,-8850.589430833188,10982.28674845293,0.0231,6.33e-12,0.0,0.0,4.4000000000000004e-30,11.287098868185277,125.1,553.0,0.0001,0.0,-264.747135,0.211989764,-0.406346012,2.18018552e-08,240.41630560342614,1.57079633,92.6045948,7.38,22.8,  100% ~chi ~Chi ->Z Z ,0,0
48,0.2581463796499439,0.0,0.0,0.0,1.9113062318650635,0.0002946128640308751,0.0,0.0,0.0,0.0,0.0,10000000000.0,100000000.0,400.0,0.85,1.1e-09,0.0066807009170335,0.0,1.0,0.0,0.0,1.0,1.0,0.0,0.0,1.0,1.0,-1.36789205e-17,0.0,1.0,1000.0,2000.0,10000.0,100000.0,0.0,0.091567246246823,0.0114880306540617,0.0,0.0729253051917722,0.0003226825768851,-331712.5122196836,-1704982.7391477483,-1513124.0177718217,190994.10140066585,1055635.037210592,970223.8319512592,0.0233,2.19e-19,0.0,0.0,1.8500000000000002e-29,24.05052330132069,125.1,553.0,0.0001,0.0,-1191.66435,0.294896058,-0.376736407,2.18018555e-08,240.41630560342614,1.57079633,92.6045948,0.748,25.4,  100% ~chi ~Chi ->Z Z ,0,0
49,0.2581463796499439,0.0,0.0,0.0,1.9113062318650635,0.0002946128640308751,0.0,0.0,0.0,0.0,0.0,10000000000.0,100000000.0,400.0,0.85,1.1e-09,0.0185019122312929,0.0,1.0,0.0,0.0,1.0,1.0,0.0,0.0,1.0,1.0,-1.36789205e-17,0.0,1.0,1000.0,2000.0,10000.0,100000.0,0.0,0.0006272721952369,0.0030575415421534,0.0,0.0161382303490711,0.0009131933187375,-1128095.6710338625,-6129378.852741753,-5553452.643310977,-53294.69939673705,51170.99361612161,200225.5595780784,0.0246,1.3600000000000001e-21,0.0,0.0,2.13e-28,66.60688403265456,125.1,553.0,0.0001,0.0,-9120.48052,0.614433379,-0.294185391,2.1801857e-08,240.41630560342614,1.57079633,92.6045948,0.0563,28.5,  100% ~chi ~Chi ->Z Z ,0,0
